Input,Expected,Predicted
"Q: Which word is longer, ""orange"" or ""copy""? A:",orange,copy? a:
"Q: Which word is longer, ""purse"" or ""for""? A:",purse,purse?
"Q: Which word is longer, ""purse"" or ""year""? A:",purse,purse?
"Q: Which word has more letters, ""throw"" or ""kite""? A:",throw,throw? a:
"Q: Of the words ""low"" and ""size"" which one has more letters? A:",size,size? a:
"Q: Which word is longer, ""soap"" or ""noisy""? A:",noisy,soap? a:
"Q: Which word is longer, ""slim"" or ""young""? A:",young,slim? a:
"Q: Of the words ""sing"" and ""tea"" which one has more letters? A:",sing,sing? a:
"Q: Which word has more letters, ""cap"" or ""special""? A:",special,"cap""? a:"
"Q: Of the words ""fried"" and ""file"" which one has more letters? A:",fried,"file"" which one has more "
"Q: Of the words ""view"" and ""daily"" which one has more letters? A:",daily,"daily""? a:"
"Q: Which word has more letters, ""twice"" or ""bird""? A:",twice,twice?
"Q: Which word has more letters, ""wild"" or ""neighbor""? A:",neighbor,"neighbor"" or ""wild""? a:"
"Q: Which word is longer, ""purse"" or ""mosque""? A:",mosque,purse?
"Q: Of the words ""stadium"" and ""build"" which one has more letters? A:",stadium,"building"" and ""building""?"
"Q: Which word has more letters, ""fan"" or ""very""? A:",very,fan? a:
"Q: Which word is longer, ""money"" or ""playground""? A:",playground,"playground"" or ""playgroun"
"Q: Which word has more letters, ""soul"" or ""sauce""? A:",sauce,soul? a:
"Q: Of the words ""camping"" and ""bed"" which one has more letters? A:",camping,bed?
"Q: Of the words ""oh"" and ""ocean"" which one has more letters? A:",ocean,ocean? a:
"Q: Which word has more letters, ""sun"" or ""pack""? A:",pack,pack? a:
"Q: Which word has more letters, ""skirt"" or ""path""? A:",skirt,path? a:
"Q: Which word has more letters, ""not"" or ""glove""? A:",glove,"not"" or ""not""? a:"
"Q: Of the words ""know"" and ""space"" which one has more letters? A:",space,know? a:
"Q: Which word is longer, ""they"" or ""poster""? A:",poster,poster?
"Q: Of the words ""an"" and ""nice"" which one has more letters? A:",nice,"and ""nice""? a:"
"Q: Of the words ""why"" and ""field"" which one has more letters? A:",field,"field"" and ""field""? a:"
"Q: Which word is longer, ""polite"" or ""stadium""? A:",stadium,polite?
"Q: Which word has more letters, ""give"" or ""daily""? A:",daily,"give""? a:"
"Q: Which word is longer, ""lemon"" or ""company""? A:",company,company? a:
"Q: Which word is longer, ""each"" or ""uniform""? A:",uniform,uniform? a:
"Q: Which word is longer, ""each"" or ""guest""? A:",guest,"guests""? a:"
"Q: Which word has more letters, ""crowd"" or ""meat""? A:",crowd,meat? a:
"Q: Of the words ""often"" and ""push"" which one has more letters? A:",often,often? a:
"Q: Which word has more letters, ""mark"" or ""key""? A:",mark,"mark"" or ""mark""? a:"
"Q: Which word has more letters, ""empty"" or ""singular""? A:",singular,singular? a:
"Q: Of the words ""knife"" and ""earn"" which one has more letters? A:",knife,"knife""? a:"
"Q: Which word has more letters, ""over"" or ""painter""? A:",painter,over? a:
"Q: Which word has more letters, ""storm"" or ""fish""? A:",storm,fish? a:
"Q: Which word is longer, ""storm"" or ""fish""? A:",storm,fish? a:
"Q: Which word has more letters, ""plastic"" or ""speak""? A:",plastic,"plastic"" or ""playground""?"
"Q: Which word has more letters, ""enjoy"" or ""left""? A:",enjoy,"left""? a:"
"Q: Which word has more letters, ""so"" or ""plant""? A:",plant,plant? a:
"Q: Which word has more letters, ""how"" or ""thank""? A:",thank,"thank"" or ""how""? a:"
"Q: Which word is longer, ""belt"" or ""its""? A:",belt,belt? a:
"Q: Which word is longer, ""piano"" or ""problem""? A:",problem,"piano"" or ""piano""? a:"
"Q: Of the words ""ham"" and ""hair"" which one has more letters? A:",hair,ham? a:
"Q: Which word has more letters, ""neighbor"" or ""details""? A:",neighbor,"neighbor""? a:"
"Q: Of the words ""curtain"" and ""car"" which one has more letters? A:",curtain,car?
"Q: Which word is longer, ""chat"" or ""cabinet""? A:",cabinet,chat? a:
"Q: Which word is longer, ""rain"" or ""at""? A:",rain,at? at? at? at? at? at? a
"Q: Of the words ""out"" and ""history"" which one has more letters? A:",history,history? a:
"Q: Which word has more letters, ""on"" or ""guy""? A:",guy,"on"" or ""guy""? a:"
"Q: Of the words ""hers"" and ""problem"" which one has more letters? A:",problem,problems? a:
"Q: Which word has more letters, ""during"" or ""slow""? A:",during,slow? a:
"Q: Of the words ""those"" and ""draw"" which one has more letters? A:",those,"draw""? a:"
"Q: Which word is longer, ""art"" or ""wind""? A:",wind,art? art? art? art? art? 
"Q: Which word has more letters, ""war"" or ""adult""? A:",adult,adult? a:
"Q: Of the words ""piano"" and ""club"" which one has more letters? A:",piano,"piano"" and ""club""? a:"
"Q: Which word is longer, ""fit"" or ""rice""? A:",rice,"fit""? a:"
"Q: Which word has more letters, ""musical"" or ""kite""? A:",musical,"musical"" or ""musical""? a:"
"Q: Which word has more letters, ""hair"" or ""walking""? A:",walking,walking? a:
"Q: Which word has more letters, ""mine"" or ""bridge""? A:",bridge,"mine"" or ""mine""? a:"
"Q: Which word has more letters, ""hers"" or ""party""? A:",party,"party""? a:"
"Q: Which word has more letters, ""family"" or ""upset""? A:",family,upset? a:
"Q: Which word is longer, ""to"" or ""dish""? A:",dish,"to"" or ""to""? a:"
"Q: Which word is longer, ""train"" or ""flower""? A:",flower,train? a:
"Q: Which word is longer, ""block"" or ""painter""? A:",painter,painter?
"Q: Which word is longer, ""brown"" or ""mosque""? A:",mosque,brown? a:
"Q: Which word has more letters, ""eat"" or ""page""? A:",page,page? a:
"Q: Which word is longer, ""north"" or ""reading""? A:",reading,"north, ""north""? a:"
"Q: Of the words ""new"" and ""money"" which one has more letters? A:",money,money?
"Q: Of the words ""explain"" and ""cup"" which one has more letters? A:",explain,cup?
"Q: Which word is longer, ""golden"" or ""bank""? A:",golden,golden?
"Q: Which word has more letters, ""east"" or ""factory""? A:",factory,east? a:
"Q: Which word has more letters, ""mail"" or ""square""? A:",square,"square"" or ""square""? a:"
"Q: Of the words ""month"" and ""idea"" which one has more letters? A:",month,month? a:
"Q: Of the words ""purse"" and ""time"" which one has more letters? A:",purse,purse?
"Q: Of the words ""build"" and ""we"" which one has more letters? A:",build,"we, we, we, we, we, we, w"
"Q: Of the words ""quick"" and ""your"" which one has more letters? A:",quick,"quick"" which one has more"
"Q: Which word is longer, ""mine"" or ""bridge""? A:",bridge,"mine"" or ""mine""? a:"
"Q: Which word is longer, ""old"" or ""file""? A:",file,file?
"Q: Which word has more letters, ""since"" or ""cry""? A:",since,"cry"" or ""cry""? a:"
"Q: Which word is longer, ""us"" or ""belt""? A:",belt,us? a:
"Q: Of the words ""fit"" and ""rice"" which one has more letters? A:",rice,"fit""? a:"
"Q: Which word has more letters, ""knife"" or ""earn""? A:",knife,"earn""? a:"
"Q: Of the words ""mother"" and ""write"" which one has more letters? A:",mother,"mother"" and ""mother""? a:"
"Q: Which word is longer, ""mango"" or ""carpet""? A:",carpet,carpet? a:
"Q: Of the words ""mango"" and ""drawing"" which one has more letters? A:",drawing,"drawing""? a:"
"Q: Of the words ""notice"" and ""knife"" which one has more letters? A:",notice,knife? a:
"Q: Which word has more letters, ""than"" or ""strange""? A:",strange,strange? a:
"Q: Which word is longer, ""belt"" or ""cheap""? A:",cheap,belt? a:
"Q: Of the words ""how"" and ""player"" which one has more letters? A:",player,"player"" and ""player""? a:"
"Q: Which word is longer, ""watch"" or ""quickly""? A:",quickly,watch? a:
"Q: Which word is longer, ""kilo"" or ""sad""? A:",kilo,sad? a:
"Q: Which word has more letters, ""bad"" or ""anymore""? A:",anymore,bad?
"Q: Of the words ""type"" and ""heavy"" which one has more letters? A:",heavy,"type""? a:"
"Q: Of the words ""mark"" and ""key"" which one has more letters? A:",mark,"mark""? a:"
"Q: Which word has more letters, ""hair"" or ""no""? A:",hair,hair? a:
"Q: Which word is longer, ""child"" or ""pencil""? A:",pencil,pencil?
"Q: Of the words ""parent"" and ""far"" which one has more letters? A:",parent,"parent""? a:"
"Q: Which word has more letters, ""about"" or ""father""? A:",father,"about"" or ""father""? a:"
"Q: Which word has more letters, ""ear"" or ""boyfriend""? A:",boyfriend,boyfriend? a:
"Q: Which word is longer, ""month"" or ""wet""? A:",month,month? a:
"Q: Which word is longer, ""south"" or ""fact""? A:",south,fact?
"Q: Which word has more letters, ""actor"" or ""hockey""? A:",hockey,"actor"" or ""hockey""? a:"
"Q: Which word is longer, ""birthday"" or ""name""? A:",birthday,name? a:
"Q: Which word has more letters, ""square"" or ""wear""? A:",square,square? a:
"Q: Which word has more letters, ""word"" or ""wet""? A:",word,wet?
"Q: Which word is longer, ""crowd"" or ""hockey""? A:",hockey,"crowd"" or ""crowd""? a:"
"Q: Of the words ""fly"" and ""orange"" which one has more letters? A:",orange,"orange, orange, orange, o"
"Q: Which word has more letters, ""so"" or ""must""? A:",must,so? a:
"Q: Of the words ""new"" and ""paint"" which one has more letters? A:",paint,new? a:
"Q: Of the words ""about"" and ""father"" which one has more letters? A:",father,"about"" and ""father""? a:"
"Q: Which word has more letters, ""course"" or ""deck""? A:",course,course? a:
"Q: Of the words ""fail"" and ""round"" which one has more letters? A:",round,fail? a:
"Q: Which word has more letters, ""no"" or ""chat""? A:",chat,"no, no, no, no, no, no, n"
"Q: Which word has more letters, ""mother"" or ""instead""? A:",instead,"instead of ""instead""? a:"
"Q: Which word is longer, ""build"" or ""we""? A:",build,"we""? a:"
"Q: Which word is longer, ""card"" or ""delay""? A:",delay,card?
"Q: Of the words ""extra"" and ""hit"" which one has more letters? A:",extra,hit? a:
"Q: Which word is longer, ""safe"" or ""final""? A:",final,safe?
"Q: Which word has more letters, ""subject"" or ""move""? A:",subject,subject?
"Q: Which word is longer, ""far"" or ""plant""? A:",plant,plant? a:
"Q: Which word is longer, ""fly"" or ""gray""? A:",gray,gray? a:
"Q: Of the words ""hair"" and ""no"" which one has more letters? A:",hair,"hair"" and ""no""? a:"
"Q: Which word is longer, ""wild"" or ""might""? A:",might,"might, ""might""? a:"
"Q: Which word has more letters, ""learn"" or ""type""? A:",learn,"type""? a:"
"Q: Which word has more letters, ""their"" or ""one""? A:",their,"their"" or ""their""? a:"
"Q: Which word has more letters, ""eat"" or ""help""? A:",help,help? a:
"Q: Of the words ""subway"" and ""reading"" which one has more letters? A:",reading,reading? a:
"Q: Which word is longer, ""past"" or ""closet""? A:",closet,"closet""? a:"
"Q: Which word is longer, ""past"" or ""stand""? A:",stand,"stand"" or ""past""? a:"
"Q: Which word is longer, ""bean"" or ""notes""? A:",notes,notes?
"Q: Which word has more letters, ""chair"" or ""girl""? A:",chair,"girl""? a:"
"Q: Which word has more letters, ""notice"" or ""come""? A:",notice,notice? a:
"Q: Which word has more letters, ""at"" or ""age""? A:",age,age? age? age? age? age? 
"Q: Which word is longer, ""eat"" or ""father""? A:",father,eat? a:
"Q: Which word is longer, ""single"" or ""must""? A:",single,single?
"Q: Of the words ""mother"" and ""try"" which one has more letters? A:",mother,"mother""? a:"
"Q: Of the words ""kilo"" and ""along"" which one has more letters? A:",along,"along""? a:"
"Q: Which word is longer, ""size"" or ""yes""? A:",size,size? a:
"Q: Of the words ""soap"" and ""space"" which one has more letters? A:",space,soap? a:
"Q: Of the words ""later"" and ""very"" which one has more letters? A:",later,"later""? a:"
"Q: Of the words ""place"" and ""hand"" which one has more letters? A:",place,"place""? a:"
"Q: Which word has more letters, ""half"" or ""thanks""? A:",thanks,"thanks""? a:"
"Q: Of the words ""low"" and ""bike"" which one has more letters? A:",bike,"bike"" and ""bike""? a:"
"Q: Of the words ""mark"" and ""guide"" which one has more letters? A:",guide,"guide""? a:"
"Q: Of the words ""about"" and ""face"" which one has more letters? A:",about,"about"" and ""face""? a:"
"Q: Which word has more letters, ""train"" or ""flower""? A:",flower,train? a:
"Q: Which word is longer, ""carpet"" or ""sad""? A:",carpet,sad? a:
"Q: Of the words ""beard"" and ""hot"" which one has more letters? A:",beard,beard? a:
"Q: Which word has more letters, ""today"" or ""sofa""? A:",today,sofa?
"Q: Of the words ""one"" and ""spend"" which one has more letters? A:",spend,"one, two, three, four, fi"
"Q: Which word has more letters, ""mosque"" or ""table""? A:",mosque,mosque? a:
"Q: Which word is longer, ""birth"" or ""hit""? A:",birth,hit? a:
"Q: Which word has more letters, ""man"" or ""mango""? A:",mango,mango?
"Q: Of the words ""place"" and ""neighbor"" which one has more letters? A:",neighbor,"place""? a:"
"Q: Which word is longer, ""exam"" or ""his""? A:",exam,"his""? a:"
"Q: Of the words ""yeah"" and ""dirty"" which one has more letters? A:",dirty,"dirty""? a:"
"Q: Which word is longer, ""turn"" or ""flower""? A:",flower,turn? a:
"Q: Which word is longer, ""must"" or ""bad""? A:",must,"must, ""bad""? a:"
"Q: Which word has more letters, ""can"" or ""turn""? A:",turn,turn? a:
"Q: Which word has more letters, ""reason"" or ""plate""? A:",reason,"plate"" or ""plate""? a:"
"Q: Which word is longer, ""our"" or ""ready""? A:",ready,ready?
"Q: Which word is longer, ""guy"" or ""mouth""? A:",mouth,"mouth, ""mouth""? a:"
"Q: Which word has more letters, ""blond"" or ""strong""? A:",strong,strong?
"Q: Of the words ""square"" and ""field"" which one has more letters? A:",square,"field"" or ""square""? a:"
"Q: Of the words ""extra"" and ""island"" which one has more letters? A:",island,"island""? a:"
"Q: Which word has more letters, ""the"" or ""badly""? A:",badly,"the"" or ""badly""? a:"
"Q: Of the words ""print"" and ""busy"" which one has more letters? A:",print,print? a:
"Q: Of the words ""quiz"" and ""boy"" which one has more letters? A:",quiz,"boy""? a:"
"Q: Which word is longer, ""water"" or ""box""? A:",water,water? a:
"Q: Which word has more letters, ""dancer"" or ""crowd""? A:",dancer,"crowd""? a:"
"Q: Of the words ""our"" and ""ready"" which one has more letters? A:",ready,ready?
"Q: Which word is longer, ""dance"" or ""ours""? A:",dance,dance? a:
"Q: Of the words ""could"" and ""ad"" which one has more letters? A:",could,adam?
"Q: Which word is longer, ""change"" or ""ice""? A:",change,change?
"Q: Which word has more letters, ""computer"" or ""nurse""? A:",computer,nurse? a:
"Q: Which word is longer, ""crowd"" or ""meat""? A:",crowd,meat?
"Q: Which word has more letters, ""news"" or ""quite""? A:",quite,news? a:
"Q: Of the words ""himself"" and ""much"" which one has more letters? A:",himself,much? a:
"Q: Which word is longer, ""brain"" or ""police""? A:",police,policeman? a:
"Q: Of the words ""actor"" and ""hockey"" which one has more letters? A:",hockey,"actor"" and ""hockey""? a:"
"Q: Which word has more letters, ""danger"" or ""guy""? A:",danger,"guy""? a:"
"Q: Which word has more letters, ""meat"" or ""wonderful""? A:",wonderful,meat?
"Q: Which word has more letters, ""details"" or ""seat""? A:",details,seat?
"Q: Of the words ""place"" and ""careful"" which one has more letters? A:",careful,"place""? a:"
"Q: Which word is longer, ""folder"" or ""climb""? A:",folder,climb? a:
"Q: Which word is longer, ""listen"" or ""me""? A:",listen,"listen""? a:"
"Q: Which word has more letters, ""fit"" or ""slow""? A:",slow,fit? a:
"Q: Which word is longer, ""think"" or ""try""? A:",think,think? a:
"Q: Which word is longer, ""listen"" or ""pray""? A:",listen,"pray""? a:"
"Q: Which word has more letters, ""dish"" or ""cabinet""? A:",cabinet,cabinet? a:
"Q: Which word is longer, ""family"" or ""golf""? A:",family,golf? a:
"Q: Of the words ""curtain"" and ""fork"" which one has more letters? A:",curtain,curtain? a:
"Q: Which word has more letters, ""daughter"" or ""only""? A:",daughter,"only""? a:"
"Q: Of the words ""itself"" and ""save"" which one has more letters? A:",itself,"save""? a:"
"Q: Which word has more letters, ""me"" or ""once""? A:",once,"me"" or ""once""? a:"
"Q: Which word has more letters, ""show"" or ""hat""? A:",show,hat? a:
"Q: Which word is longer, ""stadium"" or ""light""? A:",stadium,stadium? a:
"Q: Which word is longer, ""art"" or ""page""? A:",page,page? art? art? art? art?
"Q: Which word has more letters, ""dance"" or ""ours""? A:",dance,ours? a:
"Q: Of the words ""actor"" and ""we"" which one has more letters? A:",actor,"we"" which one? a:"
"Q: Which word is longer, ""year"" or ""skirt""? A:",skirt,skirt?
"Q: Which word is longer, ""often"" or ""hockey""? A:",hockey,hockey? a:
"Q: Of the words ""boyfriend"" and ""rest"" which one has more letters? A:",boyfriend,"boyfriend""? a:"
"Q: Of the words ""above"" and ""how"" which one has more letters? A:",above,above? above? a:
"Q: Which word has more letters, ""curtain"" or ""car""? A:",curtain,curtain? a:
"Q: Of the words ""lend"" and ""under"" which one has more letters? A:",under,"under"" which one has more"
"Q: Of the words ""word"" and ""wet"" which one has more letters? A:",word,wet?
"Q: Which word is longer, ""list"" or ""alone""? A:",alone,"alone""? a:"
"Q: Which word is longer, ""enough"" or ""shirt""? A:",enough,shirt?
"Q: Of the words ""them"" and ""radio"" which one has more letters? A:",radio,radio?
"Q: Which word has more letters, ""bean"" or ""notes""? A:",notes,notes?
"Q: Which word has more letters, ""dog"" or ""water""? A:",water,dog? a:
"Q: Which word has more letters, ""finger"" or ""soap""? A:",finger,finger? a:
"Q: Which word has more letters, ""how"" or ""player""? A:",player,"player"" or ""player""? a:"
"Q: Which word is longer, ""skating"" or ""dance""? A:",skating,"dance""? a:"
"Q: Of the words ""young"" and ""trip"" which one has more letters? A:",young,"young""? a:"
"Q: Which word is longer, ""than"" or ""strange""? A:",strange,strange? a:
"Q: Which word is longer, ""curtain"" or ""car""? A:",curtain,curtain? a:
"Q: Which word has more letters, ""once"" or ""guest""? A:",guest,once?
"Q: Of the words ""wild"" and ""might"" which one has more letters? A:",might,"might, ""might""? a:"
"Q: Which word is longer, ""die"" or ""subject""? A:",subject,die? a:
"Q: Which word has more letters, ""on"" or ""software""? A:",software,"on"" or ""on""? a:"
"Q: Which word has more letters, ""hair"" or ""kilogram""? A:",kilogram,hair? a:
"Q: Of the words ""leg"" and ""break"" which one has more letters? A:",break,break? a:
"Q: Which word is longer, ""fun"" or ""side""? A:",side,"side""? a:"
"Q: Which word has more letters, ""copy"" or ""we""? A:",copy,"we""? a:"
"Q: Which word is longer, ""date"" or ""new""? A:",date,date?
"Q: Which word is longer, ""pig"" or ""history""? A:",history,pig? a:
"Q: Of the words ""rich"" and ""me"" which one has more letters? A:",rich,"me""? a:"
"Q: Which word has more letters, ""view"" or ""daily""? A:",daily,"daily""? a:"
"Q: Which word has more letters, ""taxi"" or ""careful""? A:",careful,taxi?
"Q: Which word is longer, ""sun"" or ""pack""? A:",pack,pack? a:
"Q: Which word has more letters, ""money"" or ""person""? A:",person,"person"" or ""person""? a:"
"Q: Which word is longer, ""minus"" or ""danger""? A:",danger,danger? a:
"Q: Of the words ""advice"" and ""belt"" which one has more letters? A:",advice,belt? a:
"Q: Which word has more letters, ""tea"" or ""sport""? A:",sport,sport? a:
"Q: Of the words ""soul"" and ""sauce"" which one has more letters? A:",sauce,sauce?
"Q: Which word has more letters, ""purse"" or ""year""? A:",purse,purse?
"Q: Of the words ""flight"" and ""cup"" which one has more letters? A:",flight,cup?
"Q: Which word is longer, ""family"" or ""heavy""? A:",family,family?
"Q: Which word has more letters, ""bother"" or ""ago""? A:",bother,"bother""? a:"
"Q: Which word has more letters, ""pear"" or ""playground""? A:",playground,"playground"" or ""pear""? a:"
"Q: Which word is longer, ""hair"" or ""no""? A:",hair,hair? a:
"Q: Which word has more letters, ""pair"" or ""win""? A:",pair,pair? a:
"Q: Which word has more letters, ""notice"" or ""knife""? A:",notice,notice? a:
"Q: Of the words ""magic"" and ""in"" which one has more letters? A:",magic,magic? a:
"Q: Which word is longer, ""roast"" or ""folder""? A:",folder,folder? a:
"Q: Which word is longer, ""prize"" or ""chef""? A:",prize,prize? a:
"Q: Which word has more letters, ""parent"" or ""far""? A:",parent,"parent""? a:"
"Q: Which word is longer, ""begin"" or ""pig""? A:",begin,pig? a:
"Q: Of the words ""city"" and ""flower"" which one has more letters? A:",flower,"flower"" which one has mor"
"Q: Of the words ""at"" and ""hotel"" which one has more letters? A:",hotel,"at"" and ""hotel""? a:"
"Q: Which word is longer, ""extra"" or ""polite""? A:",polite,polite?
"Q: Of the words ""include"" and ""help"" which one has more letters? A:",include,help? a:
"Q: Of the words ""under"" and ""history"" which one has more letters? A:",history,"under"" or ""under""? a:"
"Q: Of the words ""block"" and ""sad"" which one has more letters? A:",block,block? a:
"Q: Which word is longer, ""document"" or ""horse""? A:",document,document? a:
"Q: Which word is longer, ""late"" or ""might""? A:",might,"late""? a:"
"Q: Which word has more letters, ""skate"" or ""now""? A:",skate,skateboarding programs? a
"Q: Which word is longer, ""half"" or ""daily""? A:",daily,"daily""? a:"
"Q: Which word has more letters, ""sure"" or ""spend""? A:",spend,spend? a:
"Q: Of the words ""purse"" and ""for"" which one has more letters? A:",purse,purse?
"Q: Of the words ""customer"" and ""cream"" which one has more letters? A:",customer,cream?
"Q: Of the words ""myself"" and ""rock"" which one has more letters? A:",myself,"rock"" which one has more "
"Q: Of the words ""old"" and ""snake"" which one has more letters? A:",snake,old?
"Q: Which word has more letters, ""dance"" or ""kite""? A:",dance,kite? a:
"Q: Which word is longer, ""extra"" or ""hit""? A:",extra,hit? a:
"Q: Which word is longer, ""cabinet"" or ""dinosaur""? A:",dinosaur,cabinet?
"Q: Of the words ""size"" and ""yes"" which one has more letters? A:",size,size? a:
"Q: Which word has more letters, ""so"" or ""birthday""? A:",birthday,birthday? a:
"Q: Which word is longer, ""bear"" or ""dancer""? A:",dancer,dancer? a:
"Q: Which word is longer, ""on"" or ""blanket""? A:",blanket,"on"" or ""blanket""? a:"
"Q: Of the words ""eat"" and ""help"" which one has more letters? A:",help,help? a:
"Q: Which word is longer, ""them"" or ""radio""? A:",radio,them? a:
"Q: Which word has more letters, ""closed"" or ""case""? A:",closed,case? a:
"Q: Which word has more letters, ""roast"" or ""rent""? A:",roast,rent? a:
"Q: Which word is longer, ""reading"" or ""put""? A:",reading,"put"" or ""put""? a:"
"Q: Which word has more letters, ""birthday"" or ""name""? A:",birthday,name? a:
"Q: Which word has more letters, ""mad"" or ""it""? A:",mad,mad? a:
"Q: Which word has more letters, ""next"" or ""sit""? A:",next,next? a:
"Q: Which word has more letters, ""lake"" or ""sport""? A:",sport,"sport""? a:"
"Q: Which word is longer, ""friend"" or ""piano""? A:",friend,"piano""? a:"
"Q: Which word has more letters, ""flight"" or ""cup""? A:",flight,flight? a:
"Q: Of the words ""things"" and ""sock"" which one has more letters? A:",things,socks?
"Q: Which word has more letters, ""nature"" or ""boy""? A:",nature,nature? a:
"Q: Which word has more letters, ""cheap"" or ""hers""? A:",cheap,hers? a:
"Q: Of the words ""worse"" and ""sky"" which one has more letters? A:",worse,sky?
"Q: Of the words ""low"" and ""when"" which one has more letters? A:",when,"when"" which one has more "
"Q: Which word is longer, ""so"" or ""plant""? A:",plant,plant? a:
"Q: Which word is longer, ""mother"" or ""other""? A:",mother,"mother""? a:"
"Q: Which word is longer, ""chair"" or ""girl""? A:",chair,chair?
"Q: Of the words ""key"" and ""bear"" which one has more letters? A:",bear,bear?
"Q: Which word has more letters, ""kitchen"" or ""horse""? A:",kitchen,horse? a:
"Q: Of the words ""quiz"" and ""our"" which one has more letters? A:",quiz,quiz? a:
"Q: Of the words ""menu"" and ""person"" which one has more letters? A:",person,menu? a:
"Q: Which word has more letters, ""nose"" or ""thing""? A:",thing,"nose, nose, ears""? a:"
"Q: Which word has more letters, ""best"" or ""empty""? A:",empty,best?
"Q: Which word is longer, ""boyfriend"" or ""rest""? A:",boyfriend,boyfriend? a:
"Q: Which word has more letters, ""money"" or ""playground""? A:",playground,"playground"" or ""playgroun"
"Q: Which word is longer, ""up"" or ""anymore""? A:",anymore,up? anymore? a:
"Q: Of the words ""flight"" and ""oh"" which one has more letters? A:",flight,"oh, flight""? a:"
"Q: Which word has more letters, ""light"" or ""jacket""? A:",jacket,jacket?
"Q: Which word is longer, ""near"" or ""young""? A:",young,"young"" or ""young""? a:"
"Q: Which word is longer, ""fact"" or ""music""? A:",music,fact?
"Q: Which word is longer, ""buy"" or ""singer""? A:",singer,"buy"" or ""singer""? a:"
"Q: Which word has more letters, ""us"" or ""file""? A:",file,us? a:
"Q: Which word has more letters, ""month"" or ""idea""? A:",month,month? a:
"Q: Which word is longer, ""question"" or ""music""? A:",question,"music"" or ""question""? a:"
"Q: Which word has more letters, ""best"" or ""explain""? A:",explain,best?
"Q: Of the words ""plus"" and ""fat"" which one has more letters? A:",plus,"plus""? a:"
"Q: Which word is longer, ""so"" or ""birthday""? A:",birthday,birthday? a:
"Q: Of the words ""dinosaur"" and ""desk"" which one has more letters? A:",dinosaur,desk?
"Q: Which word has more letters, ""walk"" or ""broken""? A:",broken,broken?
"Q: Of the words ""thin"" and ""world"" which one has more letters? A:",world,"world""? a:"
"Q: Which word is longer, ""market"" or ""bed""? A:",market,bed?
"Q: Which word is longer, ""teach"" or ""per""? A:",teach,"per""? a:"
"Q: Which word is longer, ""skate"" or ""now""? A:",skate,skate? a:
"Q: Which word has more letters, ""problem"" or ""water""? A:",problem,problem? a:
"Q: Of the words ""cabinet"" and ""wet"" which one has more letters? A:",cabinet,wet?
"Q: Of the words ""flight"" and ""fashion"" which one has more letters? A:",fashion,fashion? a:
"Q: Which word is longer, ""himself"" or ""one""? A:",himself,"one""? a:"
"Q: Which word is longer, ""century"" or ""match""? A:",century,match? a:
"Q: Which word has more letters, ""change"" or ""also""? A:",change,change?
"Q: Of the words ""danger"" and ""guy"" which one has more letters? A:",danger,"guy""? a:"
"Q: Of the words ""may"" and ""hotel"" which one has more letters? A:",hotel,"may""? a:"
"Q: Of the words ""my"" and ""wonderful"" which one has more letters? A:",wonderful,"wonderful"" and ""wonderful"
"Q: Which word has more letters, ""parent"" or ""gas""? A:",parent,"parent""? a:"
"Q: Which word is longer, ""play"" or ""upset""? A:",upset,"play"" or ""upset""? a:"
"Q: Which word is longer, ""wet"" or ""holiday""? A:",holiday,"holiday"" or ""wet""? a:"
"Q: Which word is longer, ""blouse"" or ""juice""? A:",blouse,blouse? a:
"Q: Which word is longer, ""east"" or ""factory""? A:",factory,east? a:
"Q: Of the words ""hour"" and ""stamp"" which one has more letters? A:",stamp,stamp? a:
"Q: Of the words ""mango"" and ""carpet"" which one has more letters? A:",carpet,carpet? a:
"Q: Which word is longer, ""nice"" or ""lucky""? A:",lucky,lucky? a:
"Q: Of the words ""safe"" and ""final"" which one has more letters? A:",final,"final"" which one? a:"
"Q: Which word is longer, ""move"" or ""bat""? A:",move,bat? a:
"Q: Of the words ""rich"" and ""reason"" which one has more letters? A:",reason,"reason""? a:"
"Q: Which word has more letters, ""hit"" or ""plant""? A:",plant,plant? a:
"Q: Which word is longer, ""plastic"" or ""end""? A:",plastic,plastic? a:
"Q: Of the words ""improve"" and ""our"" which one has more letters? A:",improve,"our"" which one has more l"
"Q: Which word has more letters, ""musical"" or ""clown""? A:",musical,"clown"" or ""clown""? a:"
"Q: Which word is longer, ""single"" or ""thin""? A:",single,"single""? a:"
"Q: Of the words ""notice"" and ""dirty"" which one has more letters? A:",notice,"dirty""? a:"
"Q: Which word has more letters, ""daily"" or ""hungry""? A:",hungry,"daily""? a:"
"Q: Which word is longer, ""musical"" or ""clown""? A:",musical,"clown"" or ""clown""? a:"
"Q: Which word has more letters, ""slim"" or ""young""? A:",young,slim? a:
"Q: Which word is longer, ""history"" or ""wine""? A:",history,history? a:
"Q: Of the words ""bank"" and ""keyboard"" which one has more letters? A:",keyboard,bank? a:
"Q: Which word has more letters, ""list"" or ""brush""? A:",brush,brush? a:
"Q: Of the words ""fun"" and ""side"" which one has more letters? A:",side,side? a:
"Q: Of the words ""turn"" and ""flower"" which one has more letters? A:",flower,turn? a:
"Q: Which word has more letters, ""windy"" or ""with""? A:",windy,windy? a:
"Q: Of the words ""musical"" and ""kite"" which one has more letters? A:",musical,kite? a:
"Q: Which word has more letters, ""carpet"" or ""sad""? A:",carpet,sad? a:
"Q: Of the words ""store"" and ""real"" which one has more letters? A:",store,real?
"Q: Which word is longer, ""silver"" or ""meat""? A:",silver,silver? a:
"Q: Of the words ""mix"" and ""diary"" which one has more letters? A:",diary,"diary""? a:"
"Q: Of the words ""hospital"" and ""closed"" which one has more letters? A:",hospital,"closed"" which one? a:"
"Q: Which word is longer, ""friendly"" or ""bike""? A:",friendly,friendly? a:
"Q: Which word has more letters, ""spring"" or ""rent""? A:",spring,rent? a:
"Q: Which word has more letters, ""glad"" or ""maybe""? A:",maybe,"maybe""? a:"
"Q: Which word has more letters, ""fat"" or ""skirt""? A:",skirt,"fat, fat, fat, fat, fat, "
"Q: Which word is longer, ""large"" or ""guy""? A:",large,guy? a:
"Q: Which word is longer, ""normal"" or ""empty""? A:",normal,normal? a:
"Q: Which word is longer, ""guitar"" or ""at""? A:",guitar,"at"" or ""at""? a:"
"Q: Of the words ""name"" and ""polite"" which one has more letters? A:",polite,name? a:
"Q: Which word has more letters, ""you"" or ""club""? A:",club,"you"" or ""you""? a:"
"Q: Which word has more letters, ""magic"" or ""in""? A:",magic,magic? a:
"Q: Which word is longer, ""explain"" or ""cup""? A:",explain,cup? a:
"Q: Which word is longer, ""stadium"" or ""build""? A:",stadium,building? a:
"Q: Which word has more letters, ""things"" or ""hit""? A:",things,"hit""? a:"
"Q: Which word is longer, ""forest"" or ""map""? A:",forest,forest? a:
"Q: Which word is longer, ""mother"" or ""cost""? A:",mother,"cost""? a:"
"Q: Which word is longer, ""later"" or ""cloudy""? A:",cloudy,"cloudy"" or ""cloudy""? a:"
"Q: Which word has more letters, ""nose"" or ""explain""? A:",explain,"explain""? a:"
"Q: Which word is longer, ""curtain"" or ""fork""? A:",curtain,curtain? a:
"Q: Which word has more letters, ""listen"" or ""fail""? A:",listen,fail? a:
"Q: Of the words ""half"" and ""keyboard"" which one has more letters? A:",keyboard,"half"" which one has more "
"Q: Which word has more letters, ""strong"" or ""often""? A:",strong,strong?
"Q: Which word has more letters, ""mug"" or ""drum""? A:",drum,drum? a:
"Q: Which word has more letters, ""skate"" or ""soup""? A:",skate,soup?
"Q: Of the words ""south"" and ""cry"" which one has more letters? A:",south,"cry"" which one has more l"
"Q: Which word is longer, ""fit"" or ""slow""? A:",slow,fit? a:
"Q: Which word has more letters, ""storm"" or ""park""? A:",storm,storm? a:
"Q: Which word has more letters, ""swim"" or ""ocean""? A:",ocean,ocean? a:
"Q: Which word is longer, ""meat"" or ""wonderful""? A:",wonderful,"meat"" or ""wonderful""? a:"
"Q: Of the words ""crowd"" and ""sing"" which one has more letters? A:",crowd,crowd? a:
"Q: Which word is longer, ""nature"" or ""quick""? A:",nature,quick? a:
"Q: Which word is longer, ""badly"" or ""toe""? A:",badly,toe? a:
"Q: Which word is longer, ""war"" or ""wrong""? A:",wrong,wrong? a:
"Q: Of the words ""document"" and ""pair"" which one has more letters? A:",document,"pair""? a:"
"Q: Which word is longer, ""back"" or ""flower""? A:",flower,flower? a:
"Q: Which word has more letters, ""answer"" or ""grape""? A:",answer,grapes?
"Q: Which word has more letters, ""crazy"" or ""page""? A:",crazy,page? a:
"Q: Which word has more letters, ""get"" or ""second""? A:",second,"second""? a:"
"Q: Of the words ""sugar"" and ""win"" which one has more letters? A:",sugar,sugar?
"Q: Which word has more letters, ""myself"" or ""yeah""? A:",myself,"yeah, myself"" or ""yeah""? "
"Q: Of the words ""chat"" and ""learn"" which one has more letters? A:",learn,chat? a:
"Q: Which word is longer, ""at"" or ""bank""? A:",bank,"at"" or ""bank""? a:"
"Q: Of the words ""tire"" and ""smoking"" which one has more letters? A:",smoking,smoking? a:
"Q: Of the words ""fish"" and ""rap"" which one has more letters? A:",fish,fish? a:
"Q: Which word is longer, ""on"" or ""chat""? A:",chat,chat? a:
"Q: Which word has more letters, ""buy"" or ""history""? A:",history,"buy"" or ""history""? a:"
"Q: Of the words ""himself"" and ""one"" which one has more letters? A:",himself,"one"" which one? a:"
"Q: Which word has more letters, ""half"" or ""dangerous""? A:",dangerous,"dangerous""? a:"
"Q: Of the words ""daughter"" and ""foreign"" which one has more letters? A:",daughter,"daughter""? a:"
"Q: Which word is longer, ""square"" or ""field""? A:",square,"field"" or ""field""? a:"
"Q: Which word has more letters, ""best"" or ""subject""? A:",subject,best?
"Q: Which word is longer, ""fresh"" or ""fire""? A:",fresh,"fire"" or ""fire""? a:"
"Q: Which word has more letters, ""life"" or ""improve""? A:",improve,"improve""? a:"
"Q: Which word has more letters, ""wonderful"" or ""them""? A:",wonderful,them? a:
"Q: Which word is longer, ""clown"" or ""bike""? A:",clown,bike? a:
"Q: Which word is longer, ""sing"" or ""shower""? A:",shower,shower?
"Q: Which word has more letters, ""out"" or ""history""? A:",history,history?
"Q: Which word is longer, ""rich"" or ""strange""? A:",strange,strange? a:
"Q: Which word has more letters, ""car"" or ""shirt""? A:",shirt,shirt?
"Q: Which word has more letters, ""dirty"" or ""listen""? A:",listen,"dirty""? a:"
"Q: Of the words ""modern"" and ""below"" which one has more letters? A:",modern,below?
"Q: Which word is longer, ""place"" or ""careful""? A:",careful,"place"" or ""careful""? a:"
"Q: Which word is longer, ""dog"" or ""water""? A:",water,dog? a:
"Q: Which word has more letters, ""yeah"" or ""dirty""? A:",dirty,"dirty""? a:"
"Q: Which word has more letters, ""outside"" or ""bring""? A:",outside,outside? a:
"Q: Which word has more letters, ""date"" or ""steal""? A:",steal,steal? a:
"Q: Which word has more letters, ""sign"" or ""spring""? A:",spring,spring? a:
"Q: Which word has more letters, ""plate"" or ""pet""? A:",plate,plate? a:
"Q: Which word has more letters, ""ocean"" or ""jacket""? A:",jacket,ocean? a:
"Q: Of the words ""single"" and ""thin"" which one has more letters? A:",single,"single""? a:"
"Q: Which word has more letters, ""cola"" or ""surfing""? A:",surfing,surfing?
"Q: Of the words ""player"" and ""liter"" which one has more letters? A:",player,"player"" and ""player""? a:"
"Q: Which word is longer, ""details"" or ""seat""? A:",details,seat?
"Q: Which word is longer, ""leg"" or ""break""? A:",break,break? a:
"Q: Which word is longer, ""purse"" or ""bear""? A:",purse,purse?
"Q: Which word is longer, ""actor"" or ""sit""? A:",actor,sit? actor? actor? actor?
"Q: Which word is longer, ""friendly"" or ""soup""? A:",friendly,soup?
"Q: Of the words ""simple"" and ""size"" which one has more letters? A:",simple,"simple""? a:"
"Q: Which word has more letters, ""world"" or ""soft""? A:",world,software?
"Q: Which word has more letters, ""tired"" or ""our""? A:",tired,tired? a:
"Q: Which word is longer, ""swim"" or ""movie""? A:",movie,swimming? a:
"Q: Of the words ""no"" and ""ours"" which one has more letters? A:",ours,"no, no, no, no, no, no, n"
"Q: Which word is longer, ""key"" or ""bear""? A:",bear,bear? a:
"Q: Of the words ""show"" and ""hat"" which one has more letters? A:",show,hat? a:
"Q: Which word has more letters, ""hospital"" or ""closed""? A:",hospital,closed? a:
"Q: Of the words ""thank"" and ""cat"" which one has more letters? A:",thank,cat?
"Q: Of the words ""strong"" and ""often"" which one has more letters? A:",strong,strong?
"Q: Which word has more letters, ""flight"" or ""fashion""? A:",fashion,fashion? a:
"Q: Of the words ""stage"" and ""poster"" which one has more letters? A:",poster,poster?
"Q: Of the words ""ocean"" and ""plastic"" which one has more letters? A:",plastic,ocean? a:
"Q: Which word is longer, ""sun"" or ""page""? A:",page,"sun, page? a:"
"Q: Of the words ""type"" and ""kitchen"" which one has more letters? A:",kitchen,"type""? a:"
"Q: Which word is longer, ""history"" or ""team""? A:",history,team? a:
"Q: Which word is longer, ""car"" or ""trip""? A:",trip,trip? a:
"Q: Which word has more letters, ""fast"" or ""fruit""? A:",fruit,fruit?
"Q: Which word is longer, ""grow"" or ""leg""? A:",grow,grow? a:
"Q: Which word has more letters, ""closet"" or ""show""? A:",closet,show? a:
"Q: Which word has more letters, ""danger"" or ""kite""? A:",danger,kite? a:
"Q: Which word has more letters, ""piano"" or ""left""? A:",piano,"piano"" or ""piano""? a:"
"Q: Which word is longer, ""subway"" or ""reading""? A:",reading,subway? a:
"Q: Which word has more letters, ""rain"" or ""monkey""? A:",monkey,monkey? a:
"Q: Which word has more letters, ""tea"" or ""find""? A:",find,tea?
"Q: Which word has more letters, ""chef"" or ""other""? A:",other,other? a:
"Q: Which word is longer, ""over"" or ""painter""? A:",painter,over? a:
"Q: Which word is longer, ""cow"" or ""lend""? A:",lend,cow? a:
"Q: Which word has more letters, ""quiz"" or ""boy""? A:",quiz,"boy""? a:"
"Q: Which word has more letters, ""hit"" or ""down""? A:",down,"down""? a:"
"Q: Which word has more letters, ""monkey"" or ""find""? A:",monkey,"find"" or ""find""? a:"
"Q: Of the words ""soul"" and ""beard"" which one has more letters? A:",beard,"beard"" or ""beard""? a:"
"Q: Which word has more letters, ""deck"" or ""cabinet""? A:",cabinet,cabinet? a:
"Q: Of the words ""rugby"" and ""long"" which one has more letters? A:",rugby,rugby? a:
"Q: Of the words ""glad"" and ""finger"" which one has more letters? A:",finger,finger? a:
"Q: Which word has more letters, ""sea"" or ""fruit""? A:",fruit,sea?
"Q: Of the words ""wild"" and ""neighbor"" which one has more letters? A:",neighbor,"neighbor"" which one has m"
"Q: Of the words ""daily"" and ""hungry"" which one has more letters? A:",hungry,"daily""? a:"
"Q: Of the words ""date"" and ""new"" which one has more letters? A:",date,date?
"Q: Of the words ""far"" and ""smoke"" which one has more letters? A:",smoke,smoke? a:
"Q: Which word is longer, ""century"" or ""guest""? A:",century,guest?
"Q: Which word is longer, ""water"" or ""very""? A:",water,"very"" or ""water""? a:"
"Q: Of the words ""bean"" and ""plane"" which one has more letters? A:",plane,plane? a:
"Q: Which word has more letters, ""flower"" or ""soup""? A:",flower,soup?
"Q: Which word is longer, ""cheap"" or ""holiday""? A:",holiday,"holiday"" or ""cheap""? a:"
"Q: Of the words ""cloud"" and ""past"" which one has more letters? A:",cloud,past? a:
"Q: Of the words ""question"" and ""music"" which one has more letters? A:",question,"music"" or ""question""? a:"
"Q: Of the words ""fried"" and ""new"" which one has more letters? A:",fried,new? a:
"Q: Of the words ""family"" and ""careful"" which one has more letters? A:",careful,"careful, careful, careful"
"Q: Of the words ""heavy"" and ""they"" which one has more letters? A:",heavy,they have more letters? a
"Q: Which word has more letters, ""grow"" or ""leg""? A:",grow,"grow""? a:"
"Q: Of the words ""world"" and ""soft"" which one has more letters? A:",world,"software company""? a:"
"Q: Which word has more letters, ""pig"" or ""history""? A:",history,pig? a:
"Q: Which word is longer, ""bar"" or ""suit""? A:",suit,bar? a:
"Q: Of the words ""chair"" and ""girl"" which one has more letters? A:",chair,"chair""? a:"
"Q: Of the words ""pet"" and ""table"" which one has more letters? A:",table,pet? a:
"Q: Which word is longer, ""question"" or ""disco""? A:",question,disco? a:
"Q: Which word has more letters, ""answer"" or ""point""? A:",answer,"point""? a:"
"Q: Which word has more letters, ""kilo"" or ""along""? A:",along,"along""? a:"
"Q: Of the words ""white"" and ""can"" which one has more letters? A:",white,white? a:
"Q: Which word has more letters, ""close"" or ""arm""? A:",close,closed?
"Q: Of the words ""head"" and ""plate"" which one has more letters? A:",plate,"plate""? a:"
"Q: Which word is longer, ""place"" or ""neighbor""? A:",neighbor,"place""? a:"
"Q: Which word has more letters, ""must"" or ""oil""? A:",must,oil?
"Q: Which word has more letters, ""year"" or ""skirt""? A:",skirt,skirt?
"Q: Of the words ""fried"" and ""town"" which one has more letters? A:",fried,"town""? a:"
"Q: Which word has more letters, ""ready"" or ""open""? A:",ready,open?
"Q: Which word is longer, ""cover"" or ""know""? A:",cover,know? a:
"Q: Of the words ""slim"" and ""young"" which one has more letters? A:",young,slim? a:
"Q: Which word is longer, ""delay"" or ""company""? A:",company,company? a:
"Q: Of the words ""sky"" and ""kite"" which one has more letters? A:",kite,kite? a:
"Q: Which word has more letters, ""soul"" or ""machine""? A:",machine,soul? a:
"Q: Of the words ""reason"" and ""plate"" which one has more letters? A:",reason,plate? a:
"Q: Which word has more letters, ""only"" or ""project""? A:",project,"only""? a:"
"Q: Which word has more letters, ""rap"" or ""pain""? A:",pain,pain? a:
"Q: Which word is longer, ""listen"" or ""card""? A:",listen,card?
"Q: Which word has more letters, ""take"" or ""bus""? A:",take,"take""? a:"
"Q: Of the words ""fish"" and ""since"" which one has more letters? A:",since,fish? a:
"Q: Which word has more letters, ""thin"" or ""world""? A:",world,"thin"" or ""thin""? a:"
"Q: Which word has more letters, ""nature"" or ""lazy""? A:",nature,nature? a:
"Q: Which word is longer, ""chair"" or ""sink""? A:",chair,sink? a:
"Q: Which word is longer, ""various"" or ""teach""? A:",various,various? a:
"Q: Which word has more letters, ""build"" or ""we""? A:",build,"we""? a:"
"Q: Which word has more letters, ""lunch"" or ""sink""? A:",lunch,sink? a:
"Q: Which word is longer, ""player"" or ""blanket""? A:",blanket,"player"" or ""player""? a:"
"Q: Which word has more letters, ""hour"" or ""stamp""? A:",stamp,stamp? a:
"Q: Which word has more letters, ""husband"" or ""bag""? A:",husband,bag? a:
"Q: Which word is longer, ""badly"" or ""parent""? A:",parent,"parent""? a:"
"Q: Of the words ""question"" and ""town"" which one has more letters? A:",question,town? a:
"Q: Of the words ""north"" and ""box"" which one has more letters? A:",north,"north, north, north, nort"
"Q: Which word is longer, ""not"" or ""glove""? A:",glove,"glove"" or ""not""? a:"
"Q: Of the words ""often"" and ""pet"" which one has more letters? A:",often,often? a:
"Q: Of the words ""bother"" and ""one"" which one has more letters? A:",bother,"bother""? a:"
"Q: Which word is longer, ""quiet"" or ""fun""? A:",quiet,fun? a:
"Q: Which word is longer, ""long"" or ""reading""? A:",reading,"longer, ""longer""? a:"
"Q: Of the words ""problem"" and ""make"" which one has more letters? A:",problem,problem? a:
"Q: Which word has more letters, ""fog"" or ""musical""? A:",musical,fog?
"Q: Of the words ""keyboard"" and ""mark"" which one has more letters? A:",keyboard,"mark""? a:"
"Q: Which word is longer, ""yet"" or ""board""? A:",board,yet?
"Q: Of the words ""toy"" and ""angry"" which one has more letters? A:",angry,toy?
"Q: Which word is longer, ""foreign"" or ""pray""? A:",foreign,"pray"" or ""foreign""? a:"
"Q: Which word is longer, ""husband"" or ""exit""? A:",husband,"husband""? a:"
"Q: Of the words ""quick"" and ""cake"" which one has more letters? A:",quick,cake?
"Q: Which word is longer, ""camping"" or ""bed""? A:",camping,bed?
"Q: Which word has more letters, ""worse"" or ""minute""? A:",minute,"minute"" or ""worse""? a:"
"Q: Of the words ""disco"" and ""fly"" which one has more letters? A:",disco,"disco, disco, disco, disc"
"Q: Which word has more letters, ""for"" or ""more""? A:",more,"for"" or ""more""? a:"
"Q: Which word is longer, ""her"" or ""lunch""? A:",lunch,lunch? a:
"Q: Which word has more letters, ""silver"" or ""meat""? A:",silver,"silver"" or ""silver""? a:"
"Q: Of the words ""write"" and ""bus"" which one has more letters? A:",write,bus? a:
"Q: Of the words ""cent"" and ""eat"" which one has more letters? A:",cent,cent? a:
"Q: Which word has more letters, ""opera"" or ""than""? A:",opera,"than""? a:"
"Q: Which word is longer, ""hour"" or ""stamp""? A:",stamp,stamp? a:
"Q: Of the words ""company"" and ""birth"" which one has more letters? A:",company,birthday? a:
"Q: Which word has more letters, ""guitar"" or ""rest""? A:",guitar,guitar? a:
"Q: Which word is longer, ""pocket"" or ""delay""? A:",pocket,pocket? a:
"Q: Which word has more letters, ""purse"" or ""bear""? A:",purse,purse?
"Q: Of the words ""wide"" and ""mix"" which one has more letters? A:",wide,wide? a:
"Q: Which word has more letters, ""curtain"" or ""fork""? A:",curtain,curtain? a:
"Q: Which word has more letters, ""sign"" or ""price""? A:",price,price? a:
"Q: Which word has more letters, ""teach"" or ""lazy""? A:",teach,lazy? a:
"Q: Which word has more letters, ""deck"" or ""final""? A:",final,"final""? a:"
"Q: Of the words ""drive"" and ""fog"" which one has more letters? A:",drive,drive? a:
"Q: Of the words ""meat"" and ""wonderful"" which one has more letters? A:",wonderful,"wonderful"" which one has "
"Q: Of the words ""by"" and ""skirt"" which one has more letters? A:",skirt,by skirt? a:
"Q: Which word has more letters, ""fact"" or ""table""? A:",table,table?
"Q: Which word has more letters, ""move"" or ""bat""? A:",move,"bat"" or ""bat""? a:"
"Q: Which word is longer, ""cloud"" or ""find""? A:",cloud,cloud? a:
"Q: Which word is longer, ""go"" or ""parent""? A:",parent,"parent""? a:"
"Q: Which word has more letters, ""piano"" or ""club""? A:",piano,"piano"" or ""piano""? a:"
"Q: Which word is longer, ""you"" or ""exactly""? A:",exactly,"you"" or ""you""? a:"
"Q: Of the words ""move"" and ""bat"" which one has more letters? A:",move,"bat""? a:"
"Q: Which word has more letters, ""listen"" or ""me""? A:",listen,"listen""? a:"
"Q: Which word has more letters, ""cola"" or ""night""? A:",night,night? a:
"Q: Of the words ""for"" and ""more"" which one has more letters? A:",more,"more""? a:"
"Q: Which word is longer, ""heavy"" or ""soap""? A:",heavy,soap? a:
"Q: Of the words ""life"" and ""improve"" which one has more letters? A:",improve,improve? a:
"Q: Which word has more letters, ""various"" or ""windy""? A:",various,various? a:
"Q: Which word has more letters, ""late"" or ""might""? A:",might,"late""? a:"
"Q: Which word has more letters, ""itself"" or ""half""? A:",itself,"half""? a:"
"Q: Which word is longer, ""rugby"" or ""long""? A:",rugby,"longer, ""rugby""? a:"
"Q: Which word has more letters, ""chemistry"" or ""line""? A:",chemistry,chemistry? a:
"Q: Which word has more letters, ""fast"" or ""heavy""? A:",heavy,fast? a:
"Q: Which word has more letters, ""south"" or ""fact""? A:",south,fact?
"Q: Of the words ""busy"" and ""write"" which one has more letters? A:",write,write? a:
"Q: Of the words ""must"" and ""bad"" which one has more letters? A:",must,"bad""? a:"
"Q: Which word has more letters, ""cabinet"" or ""wet""? A:",cabinet,wet?
"Q: Which word is longer, ""friendly"" or ""lift""? A:",friendly,friendly? a:
"Q: Of the words ""at"" and ""bank"" which one has more letters? A:",bank,"at"" and ""bank""? a:"
"Q: Which word is longer, ""not"" or ""worse""? A:",worse,not? a:
"Q: Which word has more letters, ""left"" or ""fresh""? A:",fresh,"fresh""? a:"
"Q: Which word is longer, ""enjoy"" or ""work""? A:",enjoy,work? a:
"Q: Of the words ""empty"" and ""singular"" which one has more letters? A:",singular,"singular"" which one has m"
"Q: Of the words ""store"" and ""glad"" which one has more letters? A:",store,"glad""? a:"
"Q: Of the words ""friendly"" and ""lift"" which one has more letters? A:",friendly,"friendly""? a:"
"Q: Which word is longer, ""bag"" or ""lunch""? A:",lunch,bag?
"Q: Which word is longer, ""company"" or ""birth""? A:",company,birthday? a:
"Q: Which word has more letters, ""nice"" or ""hat""? A:",nice,hat? a:
"Q: Of the words ""chef"" and ""other"" which one has more letters? A:",other,other? a:
"Q: Which word has more letters, ""lazy"" or ""black""? A:",black,"black, black, black, blac"
"Q: Which word is longer, ""talk"" or ""shelf""? A:",shelf,shelf? a:
"Q: Which word is longer, ""soap"" or ""space""? A:",space,space? a:
